{
  "Total" : {
    "transaction" : "Total",
    "sampleCount" : 2532187,
    "errorCount" : 0,
    "errorPct" : 0.0,
    "meanResTime" : 6.592902103991777,
    "medianResTime" : 3.0,
    "minResTime" : 0.0,
    "maxResTime" : 49061.0,
    "pct1ResTime" : 8.0,
    "pct2ResTime" : 12.0,
    "pct3ResTime" : 28.0,
    "throughput" : 13327.580580643802,
    "receivedKBytesPerSec" : 1314.5367564892813,
    "sentKBytesPerSec" : 3162.697344820746
  },
  "GET /accountInquiry" : {
    "transaction" : "GET /accountInquiry",
    "sampleCount" : 2532187,
    "errorCount" : 0,
    "errorPct" : 0.0,
    "meanResTime" : 6.592902103991777,
    "medianResTime" : 3.0,
    "minResTime" : 0.0,
    "maxResTime" : 49061.0,
    "pct1ResTime" : 8.0,
    "pct2ResTime" : 12.0,
    "pct3ResTime" : 28.0,
    "throughput" : 13327.580580643802,
    "receivedKBytesPerSec" : 1314.5367564892813,
    "sentKBytesPerSec" : 3162.697344820746
  }
}