{
  "GET /api-test" : {
    "transaction" : "GET /api-test",
    "sampleCount" : 4458937,
    "errorCount" : 0,
    "errorPct" : 0.0,
    "meanResTime" : 3.7390469970757185,
    "medianResTime" : 5.0,
    "minResTime" : 0.0,
    "maxResTime" : 149.0,
    "pct1ResTime" : 6.0,
    "pct2ResTime" : 6.0,
    "pct3ResTime" : 7.0,
    "throughput" : 23470.560058953575,
    "receivedKBytesPerSec" : 3713.1159468266396,
    "sentKBytesPerSec" : 4859.139387205232
  },
  "Total" : {
    "transaction" : "Total",
    "sampleCount" : 4458937,
    "errorCount" : 0,
    "errorPct" : 0.0,
    "meanResTime" : 3.7390469970757185,
    "medianResTime" : 5.0,
    "minResTime" : 0.0,
    "maxResTime" : 149.0,
    "pct1ResTime" : 6.0,
    "pct2ResTime" : 6.0,
    "pct3ResTime" : 7.0,
    "throughput" : 23470.560058953575,
    "receivedKBytesPerSec" : 3713.1159468266396,
    "sentKBytesPerSec" : 4859.139387205232
  }
}